Experiment,Library_Name,Run,SRA_Sample,Sample_Name,Replicate_Name,dev_stage,replicate,sex,tissue,BioProject,LibraryLayout,SRA_Study,strain
SRX3411662,L110,SRR6311311,SRS2704897,L1_10,L1_10,L1 larval,10,pooled male and female,whole larvae,PRJNA419241,PAIRED,SRP125355,Liverpool
SRX3411661,L111,SRR6311312,SRS2704896,L1_11,L1_11,L1 larval,11,pooled male and female,whole larvae,PRJNA419241,PAIRED,SRP125355,Liverpool
SRX3411660,EP7,SRR6311313,SRS2704895,EPm_7,EPm_7,early pupal,7,male,whole pupae,PRJNA419241,PAIRED,SRP125355,Liverpool
SRX3411659,EP8,SRR6311314,SRS2704894,EPm_8,EPm_8,early pupal,8,male,whole pupae,PRJNA419241,PAIRED,SRP125355,Liverpool
SRX3411658,EP5,SRR6311315,SRS2704892,EPm_5,EPm_5,early pupal,5,male,whole pupae,PRJNA419241,PAIRED,SRP125355,Liverpool
SRX3411656,EP3,SRR6311316,SRS2704890,EPf_3,EPf_3,early pupal,3,female,whole pupae,PRJNA419241,PAIRED,SRP125355,Liverpool
SRX3411655,EP4,SRR6311317,SRS2704889,EPf_4,EPf_4,early pupal,4,female,whole pupae,PRJNA419241,PAIRED,SRP125355,Liverpool
SRX3411654,L113,SRR6311318,SRS2704888,L1_13,L1_13,L1 larval,13,pooled male and female,whole larvae,PRJNA419241,PAIRED,SRP125355,Liverpool
SRX3411657,EP6,SRR6311319,SRS2704891,EPm_6,EPm_6,early pupal,6,male,whole pupae,PRJNA419241,PAIRED,SRP125355,Liverpool
SRX3411653,L114,SRR6311320,SRS2704887,L1_14,L1_14,L1 larval,14,pooled male and female,whole larvae,PRJNA419241,PAIRED,SRP125355,Liverpool
SRX3411652,LP6,SRR6311321,SRS2704886,LPm_6,LPm_6,late pupal,6,male,whole pupae,PRJNA419241,PAIRED,SRP125355,Liverpool
SRX3411651,LP5,SRR6311322,SRS2704893,LPm_5,LPm_5,late pupal,5,male,whole pupae,PRJNA419241,PAIRED,SRP125355,Liverpool
SRX3411650,LP4,SRR6311323,SRS2704885,LPm_4,LPm_4,late pupal,4,male,whole pupae,PRJNA419241,PAIRED,SRP125355,Liverpool
SRX3411649,LP3,SRR6311324,SRS2704884,LPf_3,LPf_3,late pupal,3,female,whole pupae,PRJNA419241,PAIRED,SRP125355,Liverpool
SRX3411648,M2,SRR6311325,SRS2704883,MAG_2,MAG_2,adult,2,male,male accessory gland,PRJNA419241,PAIRED,SRP125355,Liverpool
SRX3411647,M1,SRR6311326,SRS2704882,MAG_1,MAG_1,adult,1,male,male accessory gland,PRJNA419241,PAIRED,SRP125355,Liverpool
SRX3411646,LP8,SRR6311327,SRS2704881,LPm_8,LPm_8,late pupal,8,male,whole pupae,PRJNA419241,PAIRED,SRP125355,Liverpool
SRX3411645,LP7,SRR6311328,SRS2704880,LPm_7,LPm_7,late pupal,7,male,whole pupae,PRJNA419241,PAIRED,SRP125355,Liverpool
SRX3411643,M3,SRR6311329,SRS2704878,MAG_3,MAG_3,adult,3,male,male accessory gland,PRJNA419241,PAIRED,SRP125355,Liverpool
SRX3411642,O1,SRR6311330,SRS2704877,Ov_1,Ov_1,adult,1,female,ovaries,PRJNA419241,PAIRED,SRP125355,Liverpool
SRX3411641,O2,SRR6311331,SRS2704876,Ov_2,Ov_2,adult,2,female,ovaries,PRJNA419241,PAIRED,SRP125355,Liverpool
SRX3411644,M4,SRR6311332,SRS2704879,MAG_4,MAG_4,adult,4,male,male accessory gland,PRJNA419241,PAIRED,SRP125355,Liverpool
SRX3411640,MP5,SRR6311333,SRS2704875,MPm_5,MPm_5,mid pupal,5,male,whole pupae,PRJNA419241,PAIRED,SRP125355,Liverpool
SRX3411639,MP6,SRR6311334,SRS2704874,MPm_6,MPm_6,mid pupal,6,male,whole pupae,PRJNA419241,PAIRED,SRP125355,Liverpool
SRX3411638,MP7,SRR6311335,SRS2704873,MPm_7,MPm_7,mid pupal,7,male,whole pupae,PRJNA419241,PAIRED,SRP125355,Liverpool
SRX3411637,MP8,SRR6311336,SRS2704872,MPm_8,MPm_8,mid pupal,8,male,whole pupae,PRJNA419241,PAIRED,SRP125355,Liverpool
SRX3411635,MP2,SRR6311337,SRS2704870,MPf_2,MPf_2,mid pupal,2,female,whole pupae,PRJNA419241,PAIRED,SRP125355,Liverpool
SRX3411634,MP3,SRR6311338,SRS2704868,MPf_3,MPf_3,mid pupal,3,female,whole pupae,PRJNA419241,PAIRED,SRP125355,Liverpool
SRX3411633,MP4,SRR6311339,SRS2704869,MPm_4,MPm_4,mid pupal,4,male,whole pupae,PRJNA419241,PAIRED,SRP125355,Liverpool
SRX3411636,MP1,SRR6311340,SRS2704871,MPf_1,MPf_1,mid pupal,1,female,whole pupae,PRJNA419241,PAIRED,SRP125355,Liverpool
SRX3411577,T1,SRR6311396,SRS2704813,Ts_1,Ts_1,adult,1,male,testes,PRJNA419241,PAIRED,SRP125355,Liverpool
SRX3411578,T2,SRR6311395,SRS2704812,Ts_2,Ts_2,adult,2,male,testes,PRJNA419241,PAIRED,SRP125355,Liverpool
SRX3411579,O3,SRR6311394,SRS2704811,Ov_3,Ov_3,adult,3,female,ovaries,PRJNA419241,PAIRED,SRP125355,Liverpool
SRX3411580,O4,SRR6311393,SRS2704814,Ov_4,Ov_4,adult,4,female,ovaries,PRJNA419241,PAIRED,SRP125355,Liverpool
SRX3411581,T3,SRR6311391,SRS2704815,Ts_3,Ts_3,adult,3,male,testes,PRJNA419241,PAIRED,SRP125355,Liverpool
SRX3411582,T4,SRR6311390,SRS2704817,Ts_4,Ts_4,adult,4,male,testes,PRJNA419241,PAIRED,SRP125355,Liverpool
SRX3411583,L24,SRR6311389,SRS2704816,L2_4,L2_4,L2 larval,4,pooled male and female,whole larvae,PRJNA419241,PAIRED,SRP125355,Liverpool
SRX3411584,L23,SRR6311392,SRS2704822,L2_3,L2_3,L2 larval,3,pooled male and female,whole larvae,PRJNA419241,PAIRED,SRP125355,Liverpool
SRX3411585,L21,SRR6311388,SRS2704818,L2_1,L2_1,L2 larval,1,pooled male and female,whole larvae,PRJNA419241,PAIRED,SRP125355,Liverpool
SRX3411586,L215,SRR6311387,SRS2704819,L2_15,L2_15,L2 larval,15,pooled male and female,whole larvae,PRJNA419241,PAIRED,SRP125355,Liverpool
SRX3411587,L214,SRR6311386,SRS2704820,L2_14,L2_14,L2 larval,14,pooled male and female,whole larvae,PRJNA419241,PAIRED,SRP125355,Liverpool
SRX3411588,L213,SRR6311385,SRS2704821,L2_13,L2_13,L2 larval,13,pooled male and female,whole larvae,PRJNA419241,PAIRED,SRP125355,Liverpool
SRX3411589,L212,SRR6311383,SRS2704823,L2_12,L2_12,L2 larval,12,pooled male and female,whole larvae,PRJNA419241,PAIRED,SRP125355,Liverpool
SRX3411590,L211,SRR6311382,SRS2704824,L2_11,L2_11,L2 larval,11,pooled male and female,whole larvae,PRJNA419241,PAIRED,SRP125355,Liverpool
SRX3411591,L26,SRR6311381,SRS2704825,L2_6,L2_6,L2 larval,6,pooled male and female,whole larvae,PRJNA419241,PAIRED,SRP125355,Liverpool
SRX3411592,L25,SRR6311384,SRS2704826,L2_5,L2_5,L2 larval,5,pooled male and female,whole larvae,PRJNA419241,PAIRED,SRP125355,Liverpool
SRX3411593,L11,SRR6311380,SRS2704827,L1_1,L1_1,L1 larval,1,pooled male and female,whole larvae,PRJNA419241,PAIRED,SRP125355,Liverpool
SRX3411594,L12,SRR6311379,SRS2704828,L1_2,L1_2,L1 larval,2,pooled male and female,whole larvae,PRJNA419241,PAIRED,SRP125355,Liverpool
SRX3411595,L13,SRR6311378,SRS2704831,L1_3,L1_3,L1 larval,3,pooled male and female,whole larvae,PRJNA419241,PAIRED,SRP125355,Liverpool
SRX3411596,L14,SRR6311377,SRS2704829,L1_4,L1_4,L1 larval,4,pooled male and female,whole larvae,PRJNA419241,PAIRED,SRP125355,Liverpool
SRX3411597,L15,SRR6311375,SRS2704830,L1_5,L1_5,L1 larval,5,pooled male and female,whole larvae,PRJNA419241,PAIRED,SRP125355,Liverpool
SRX3411598,L16,SRR6311374,SRS2704832,L1_6,L1_6,L1 larval,6,pooled male and female,whole larvae,PRJNA419241,PAIRED,SRP125355,Liverpool
SRX3411599,L17,SRR6311373,SRS2704833,L1_7,L1_7,L1 larval,7,pooled male and female,whole larvae,PRJNA419241,PAIRED,SRP125355,Liverpool
SRX3411600,L18,SRR6311376,SRS2704834,L1_8,L1_8,L1 larval,8,pooled male and female,whole larvae,PRJNA419241,PAIRED,SRP125355,Liverpool
SRX3411601,L19,SRR6311372,SRS2704835,L1_9,L1_9,L1 larval,9,pooled male and female,whole larvae,PRJNA419241,PAIRED,SRP125355,Liverpool
SRX3411602,L210,SRR6311371,SRS2704836,L2_10,L2_10,L2 larval,10,pooled male and female,whole larvae,PRJNA419241,PAIRED,SRP125355,Liverpool
SRX3411603,L46,SRR6311370,SRS2704837,L4f_6,L4f_6,L4 larval,6,female,whole larvae,PRJNA419241,PAIRED,SRP125355,Liverpool
SRX3411604,L45,SRR6311369,SRS2704838,L4f_5,L4f_5,L4 larval,5,female,whole larvae,PRJNA419241,PAIRED,SRP125355,Liverpool
SRX3411605,L48,SRR6311368,SRS2704839,L4m_8,L4m_8,L4 larval,8,male,whole larvae,PRJNA419241,PAIRED,SRP125355,Liverpool
SRX3411606,L47,SRR6311367,SRS2704840,L4m_7,L4m_7,L4 larval,7,male,whole larvae,PRJNA419241,PAIRED,SRP125355,Liverpool
SRX3411607,L42,SRR6311366,SRS2704842,L4m_2,L4m_2,L4 larval,2,male,whole larvae,PRJNA419241,PAIRED,SRP125355,Liverpool
SRX3411608,L41,SRR6311365,SRS2704841,L4m_1,L4m_1,L4 larval,1,male,whole larvae,PRJNA419241,PAIRED,SRP125355,Liverpool
SRX3411609,L44,SRR6311364,SRS2704843,L4f_4,L4f_4,L4 larval,4,female,whole larvae,PRJNA419241,PAIRED,SRP125355,Liverpool
SRX3411610,L43,SRR6311363,SRS2704844,L4f_3,L4f_3,L4 larval,3,female,whole larvae,PRJNA419241,PAIRED,SRP125355,Liverpool
SRX3411611,LP2,SRR6311362,SRS2704846,LPf_2,LPf_2,late pupal,2,female,whole pupae,PRJNA419241,PAIRED,SRP125355,Liverpool
SRX3411612,LP1,SRR6311361,SRS2704845,LPf_1,LPf_1,late pupal,1,female,whole pupae,PRJNA419241,PAIRED,SRP125355,Liverpool
SRX3411613,CF2,SRR6311360,SRS2704848,CrF_2,CrF_2,adult,2,female,carcass,PRJNA419241,PAIRED,SRP125355,Liverpool
SRX3411614,CF1,SRR6311359,SRS2704849,CrF_1,CrF_1,adult,1,female,carcass,PRJNA419241,PAIRED,SRP125355,Liverpool
SRX3411615,CF4,SRR6311358,SRS2704850,CrF_4,CrF_4,adult,4,female,carcass,PRJNA419241,PAIRED,SRP125355,Liverpool
SRX3411616,CF3,SRR6311357,SRS2704851,CrF_3,CrF_3,adult,3,female,carcass,PRJNA419241,PAIRED,SRP125355,Liverpool
SRX3411617,CM2,SRR6311356,SRS2704852,CrM_2,CrM_2,adult,2,male,carcass,PRJNA419241,PAIRED,SRP125355,Liverpool
SRX3411618,CM1,SRR6311355,SRS2704853,CrM_1,CrM_1,adult,1,male,carcass,PRJNA419241,PAIRED,SRP125355,Liverpool
SRX3411619,CM4,SRR6311354,SRS2704854,CrM_4,CrM_4,adult,4,male,carcass,PRJNA419241,PAIRED,SRP125355,Liverpool
SRX3411620,CM3,SRR6311353,SRS2704855,CrM_3,CrM_3,adult,3,male,carcass,PRJNA419241,PAIRED,SRP125355,Liverpool
SRX3411621,EP2,SRR6311352,SRS2704856,EPf_2,EPf_2,early pupal,2,female,whole pupae,PRJNA419241,PAIRED,SRP125355,Liverpool
SRX3411622,EP1,SRR6311351,SRS2704857,Epf_1,Epf_1,early pupal,1,female,whole pupae,PRJNA419241,PAIRED,SRP125355,Liverpool
SRX3411623,L33,SRR6311350,SRS2704858,L3m_3,L3m_3,L3 larval,3,male,whole larvae,PRJNA419241,PAIRED,SRP125355,Liverpool
SRX3411624,L34,SRR6311349,SRS2704860,L3f_4,L3f_4,L3 larval,4,female,whole larvae,PRJNA419241,PAIRED,SRP125355,Liverpool
SRX3411625,L31,SRR6311347,SRS2704859,L3m_1,L3m_1,L3 larval,1,male,whole larvae,PRJNA419241,PAIRED,SRP125355,Liverpool
SRX3411626,L32,SRR6311346,SRS2704861,L3m_2,L3m_2,L3 larval,2,male,whole larvae,PRJNA419241,PAIRED,SRP125355,Liverpool
SRX3411627,L29,SRR6311345,SRS2704862,L2_9,L2_9,L2 larval,9,pooled male and female,whole larvae,PRJNA419241,PAIRED,SRP125355,Liverpool
SRX3411628,L315,SRR6311348,SRS2704864,L3f_15,L3f_15,L3 larval,15,female,whole larvae,PRJNA419241,PAIRED,SRP125355,Liverpool
SRX3411629,L27,SRR6311344,SRS2704863,L2_7,L2_7,L2 larval,7,pooled male and female,whole larvae,PRJNA419241,PAIRED,SRP125355,Liverpool
SRX3411630,L28,SRR6311343,SRS2704865,L2_8,L2_8,L2 larval,8,pooled male and female,whole larvae,PRJNA419241,PAIRED,SRP125355,Liverpool
SRX3411631,L35,SRR6311342,SRS2704866,L3m_5,L3m_5,L3 larval,5,male,whole larvae,PRJNA419241,PAIRED,SRP125355,Liverpool
SRX3411632,L37,SRR6311341,SRS2704867,L3f_7,L3f_7,L3 larval,7,female,whole larvae,PRJNA419241,PAIRED,SRP125355,Liverpool
SRX1781439,NA,SRR3554588,SRS1452420,early_sperm_1,early_sperm_1,adult,1,male,early sperm,PRJNA320356,SINGLE,SRP075464,Asian
SRX1781440,NA,SRR3554589,SRS1452421,late_sperm_1,late_sperm_1,adult,1,male,late sperm,PRJNA320356,SINGLE,SRP075464,Asian
SRX1781442,NA,SRR3554591,SRS1452423,gd_carcass_1,gd_carcass_1,adult,1,male,gonadectomised male,PRJNA320356,SINGLE,SRP075464,Asian
SRX1621252,0hpm_1,SRR3213863,SRS1329977,post-mating_RT_0hpm_1,post-mating_RT_0hpm_1,adult,1,female,lower female reproductive tract,PRJNA310013,SINGLE,SRP068996,Thai
SRX1621253,0hpm_2,SRR3213864,SRS1329977,post-mating_RT_0hpm_2,post-mating_RT_0hpm_2,adult,2,female,lower female reproductive tract,PRJNA310013,SINGLE,SRP068996,Thai
SRX1621254,6hpm_1,SRR3213865,SRS1329976,post-mating_RT_6hpm_1,post-mating_RT_6hpm_1,adult,1,female,lower female reproductive tract,PRJNA310013,SINGLE,SRP068996,Thai
SRX1621255,6hpm_2,SRR3213866,SRS1329976,post-mating_RT_6hpm_2,post-mating_RT_6hpm_2,adult,2,female,lower female reproductive tract,PRJNA310013,SINGLE,SRP068996,Thai
SRX1621256,24hpm_1,SRR3213867,SRS1329975,post-mating_RT_24hpm_1,post-mating_RT_24hpm_1,adult,1,female,lower female reproductive tract,PRJNA310013,SINGLE,SRP068996,Thai
SRX1621257,24hpm_2,SRR3213868,SRS1329975,post-mating_RT_24hpm_2,post-mating_RT_24hpm_2,adult,2,female,lower female reproductive tract,PRJNA310013,SINGLE,SRP068996,Thai
SRX1621258,virgin_1,SRR3213869,SRS1267105,virgin_fem_RT_1,virgin_fem_RT_1,adult,1,female,lower female reproductive tract,PRJNA310013,SINGLE,SRP068996,Thai
SRX1339088,sg_male_female_1,SRR2659965,SRS1115925,sg_male_female_1,sg_male_female_1,adult,1,pooled male and female,salivary glands,PRJNA298896,PAIRED,SRP064864,Liverpool
SRX1339088,sg_male_female_2,SRR2659966,SRS1115925,sg_male_female_2,sg_male_female_2,adult,2,pooled male and female,salivary glands,PRJNA298896,PAIRED,SRP064864,Liverpool
SRX691990,8-12 replicate 1,SRR1568262,SRS694147,8-12hr_embryos_1,8-12hr_embryos_1,8-12 hr embryos,1,not applicable,Whole embryos,PRJNA260298,PAIRED,SRP046160,Liverpool
SRX691991,8-12 replicate 2,SRR1568263,SRS694148,8-12hr_embryos_2,8-12hr_embryos_2,8-12hr embryos,2,not applicable,Whole embryos,PRJNA260298,PAIRED,SRP046160,Liverpool
SRX691992,8-12 replicate 3,SRR1568264,SRS694149,8-12hr_embryos_3,8-12hr_embryos_3,8-12hr embryo,3,not applicable,Whole embryos,PRJNA260298,PAIRED,SRP046160,Liverpool
SRX703770,2-4hr rep1,SRR1578250,SRS703499,2-4hr_embryos_1,2-4hr_embryos_1,2-4hr embryo,1,not applicable,Whole embryos,PRJNA260298,PAIRED,SRP046160,Liverpool
SRX703771,2-4hr rep2,SRR1578251,SRS703500,2-4hr_embryos_2,2-4hr_embryos_2,2-4hr embryo,2,not applicable,Whole embryos,PRJNA260298,PAIRED,SRP046160,Liverpool
SRX703772,2-4hr rep3,SRR1578252,SRS703501,2-4hr_embryos_3,2-4hr_embryos_3,2-4hr embryo,3,not applicable,Whole embryos,PRJNA260298,PAIRED,SRP046160,Liverpool
SRX703773,4-8hr rep1,SRR1578254,SRS703502,4-8hr_embryos_1,4-8hr_embryos_1,4-8hr embryo,1,not applicable,Whole embryos,PRJNA260298,PAIRED,SRP046160,Liverpool
SRX703774,4-8hr rep2,SRR1578255,SRS703503,4-8hr_embryos_2,4-8hr_embryos_2,4-8hr embryo,2,not applicable,Whole embryos,PRJNA260298,PAIRED,SRP046160,Liverpool
SRX703775,4-8hr rep3,SRR1578256,SRS703504,4-8hr_embryos_3,4-8hr_embryos_3,4-8hr embryo,3,not applicable,Whole embryos,PRJNA260298,PAIRED,SRP046160,Liverpool
SRX1884160,mt_male_female_larv_1,SRR3680431,SRS1530100,mt_male_female_larv_1,mt_male_female_larv_1,L4 larval,1,pooled male and female,Malpighian tubule,PRJNA246607,SINGLE,SRP041845,Rock
SRX1884160,mt_male_female_larv_2,SRR3680432,SRS1530100,mt_male_female_larv_2,mt_male_female_larv_2,L4 larval,2,pooled male and female,Malpighian tubule,PRJNA246607,SINGLE,SRP041845,Rock
SRX539939,mt_female_adult_1,SRR3680433,SRS605032,mt_female_adult_1,mt_female_adult_1,adult,1,female,Malpighian tubule,PRJNA246607,SINGLE,SRP041845,Rock
SRX539939,mt_female_adult_2,SRR3680434,SRS605032,mt_female_adult_2,mt_female_adult_2,adult,2,female,Malpighian tubule,PRJNA246607,SINGLE,SRP041845,Rock
SRX539530,fb_female_adult,SRR1282055,SRS604638,fb_female_adult,fb_female_adult,adult,1,female,fat body,PRJNA246243,SINGLE,SRP041699,Rock
SRX468706,Fe_An_SF_1.2,SRR1167493,SRS556038,Fe_An_SF_1,Fe_An_SF_1.L2,adult,1,female,antennae,PRJNA236239,PAIRED,SRP037535,Liverpool
SRX468707,Fe_An_SF_1.3,SRR1167494,SRS556038,Fe_An_SF_1,Fe_An_SF_1.L3,adult,1,female,antennae,PRJNA236240,PAIRED,SRP037535,Liverpool
SRX468708,Fe_An_SF_1.1,SRR1167495,SRS556038,Fe_An_SF_1,Fe_An_SF_1.L1,adult,1,female,antennae,PRJNA236241,PAIRED,SRP037535,Liverpool
SRX468709,Fe_An_SF_2.2,SRR1167496,SRS556039,Fe_An_SF_2,Fe_An_SF_2.L2,adult,2,female,antennae,PRJNA236242,PAIRED,SRP037535,Liverpool
SRX468710,Fe_An_SF_2.1,SRR1167497,SRS556039,Fe_An_SF_2,Fe_An_SF_2.L1,adult,2,female,antennae,PRJNA236243,PAIRED,SRP037535,Liverpool
SRX468711,Fe_An_SF_3.2,SRR1167498,SRS556040,Fe_An_SF_3,Fe_An_SF_3.L2,adult,3,female,antennae,PRJNA236244,PAIRED,SRP037535,Liverpool
SRX468712,Fe_An_SF_3.1,SRR1167499,SRS556040,Fe_An_SF_3,Fe_An_SF_3.L1,adult,3,female,antennae,PRJNA236245,PAIRED,SRP037535,Liverpool
SRX468713,Fe_An_SF_4.2,SRR1167500,SRS556041,Fe_An_SF_4,Fe_An_SF_4.L2,adult,4,female,antennae,PRJNA236246,PAIRED,SRP037535,Liverpool
SRX468714,Fe_An_SF_4.1,SRR1167501,SRS556041,Fe_An_SF_4,Fe_An_SF_4.L1,adult,4,female,antennae,PRJNA236247,PAIRED,SRP037535,Liverpool
SRX468715,Fe_Br_SF_1,SRR1167502,SRS556042,Fe_Br_SF_1,Fe_Br_SF_1,adult,1,female,brains,PRJNA236248,PAIRED,SRP037535,Liverpool
SRX468716,Fe_Br_SF_2,SRR1167503,SRS556043,Fe_Br_SF_2,Fe_Br_SF_2,adult,2,female,brains,PRJNA236249,PAIRED,SRP037535,Liverpool
SRX468717,Fe_Br_SF_3,SRR1167504,SRS556044,Fe_Br_SF_3,Fe_Br_SF_3,adult,3,female,brains,PRJNA236250,PAIRED,SRP037535,Liverpool
SRX468718,Fe_Br_SF_4,SRR1167505,SRS556045,Fe_Br_SF_4,Fe_Br_SF_4,adult,4,female,brains,PRJNA236251,PAIRED,SRP037535,Liverpool
SRX468720,Fe_Pa_SF_2,SRR1167507,SRS556046,Fe_Pa_SF_2,Fe_Pa_SF_2,adult,2,female,maxillary palps,PRJNA236252,PAIRED,SRP037535,Liverpool
SRX468719,Fe_Pa_SF_1,SRR1167506,SRS556047,Fe_Pa_SF_1,Fe_Pa_SF_1,adult,1,female,maxillary palps,PRJNA236253,PAIRED,SRP037535,Liverpool
SRX468721,Fe_Pa_SF_3,SRR1167508,SRS556048,Fe_Pa_SF_3,Fe_Pa_SF_3,adult,3,female,maxillary palps,PRJNA236254,PAIRED,SRP037535,Liverpool
SRX468722,Fe_Pa_SF_4,SRR1167509,SRS556049,Fe_Pa_SF_4,Fe_Pa_SF_4,adult,4,female,maxillary palps,PRJNA236255,PAIRED,SRP037535,Liverpool
SRX468723,Fe_Os_SF_1,SRR1167510,SRS556050,Fe_Os_SF_1,Fe_Os_SF_1,adult,1,female,proboscises,PRJNA236256,PAIRED,SRP037535,Liverpool
SRX468724,Fe_Os_SF_2,SRR1167511,SRS556051,Fe_Os_SF_2,Fe_Os_SF_2,adult,2,female,proboscises,PRJNA236257,PAIRED,SRP037535,Liverpool
SRX468725,Fe_Os_SF_3,SRR1167512,SRS556052,Fe_Os_SF_3,Fe_Os_SF_3,adult,3,female,proboscises,PRJNA236258,PAIRED,SRP037535,Liverpool
SRX468726,Fe_Os_SF_4,SRR1167513,SRS556053,Fe_Os_SF_4,Fe_Os_SF_4,adult,4,female,proboscises,PRJNA236259,PAIRED,SRP037535,Liverpool
SRX468727,Fe_Os_SF_5,SRR1167514,SRS556054,Fe_Os_SF_5,Fe_Os_SF_5,adult,5,female,proboscises,PRJNA236260,PAIRED,SRP037535,Liverpool
SRX468728,Fe_Ov_SF_1.2,SRR1167515,SRS556055,Fe_Ov_SF_1,Fe_Ov_SF_1.L2,adult,1,female,ovaries,PRJNA236261,PAIRED,SRP037535,Liverpool
SRX468729,Fe_Ov_SF_1.1,SRR1167516,SRS556055,Fe_Ov_SF_1,Fe_Ov_SF_1.L1,adult,1,female,ovaries,PRJNA236262,PAIRED,SRP037535,Liverpool
SRX468730,Fe_Ov_SF_2.2,SRR1167517,SRS556056,Fe_Ov_SF_2,Fe_Ov_SF_2.L2,adult,2,female,ovaries,PRJNA236263,PAIRED,SRP037535,Liverpool
SRX468731,Fe_Ov_SF_2.1,SRR1167518,SRS556056,Fe_Ov_SF_2,Fe_Ov_SF_2.L1,adult,2,female,ovaries,PRJNA236264,PAIRED,SRP037535,Liverpool
SRX468732,Fe_Ov_SF_3.2,SRR1167519,SRS556057,Fe_Ov_SF_3,Fe_Ov_SF_3.L2,adult,3,female,ovaries,PRJNA236265,PAIRED,SRP037535,Liverpool
SRX468733,Fe_Ov_SF_3.1,SRR1167520,SRS556057,Fe_Ov_SF_3,Fe_Ov_SF_3.L1,adult,3,female,ovaries,PRJNA236266,PAIRED,SRP037535,Liverpool
SRX468734,Fe_HL_O_1,SRR1167521,SRS556058,Fe_HL_O_1,Fe_HL_O_1,adult,1,female,hindlegs,PRJNA236267,PAIRED,SRP037535,Liverpool
SRX468735,Fe_HL_O_2,SRR1167522,SRS556059,Fe_HL_O_2,Fe_HL_O_2,adult,2,female,hindlegs,PRJNA236268,PAIRED,SRP037535,Liverpool
SRX468736,Fe_HL_O_3,SRR1167523,SRS556060,Fe_HL_O_3,Fe_HL_O_3,adult,3,female,hindlegs,PRJNA236269,PAIRED,SRP037535,Liverpool
SRX468737,Fe_HL_O_4,SRR1167524,SRS556061,Fe_HL_O_4,Fe_HL_O_4,adult,4,female,hindlegs,PRJNA236270,PAIRED,SRP037535,Liverpool
SRX468738,Fe_HL_O_5,SRR1167525,SRS556062,Fe_HL_O_5,Fe_HL_O_5,adult,5,female,hindlegs,PRJNA236271,PAIRED,SRP037535,Liverpool
SRX468739,Fe_ML_O_2,SRR1167526,SRS556063,Fe_ML_O_2,Fe_ML_O_2,adult,2,female,midlegs,PRJNA236272,PAIRED,SRP037535,Liverpool
SRX468740,Fe_ML_O_3,SRR1167527,SRS556064,Fe_ML_O_3,Fe_ML_O_3,adult,3,female,midlegs,PRJNA236273,PAIRED,SRP037535,Liverpool
SRX468741,Fe_ML_O_4,SRR1167528,SRS556065,Fe_ML_O_4,Fe_ML_O_4,adult,4,female,midlegs,PRJNA236274,PAIRED,SRP037535,Liverpool
SRX468742,Fe_ML_O_7,SRR1167529,SRS556066,Fe_ML_O_7,Fe_ML_O_7,adult,7,female,midlegs,PRJNA236275,PAIRED,SRP037535,Liverpool
SRX468743,Fe_FL_O_2,SRR1167530,SRS556067,Fe_FL_O_2,Fe_FL_O_2,adult,2,female,forelegs,PRJNA236276,PAIRED,SRP037535,Liverpool
SRX468744,Fe_FL_O_3,SRR1167531,SRS556068,Fe_FL_O_3,Fe_FL_O_3,adult,3,female,forelegs,PRJNA236277,PAIRED,SRP037535,Liverpool
SRX468745,Fe_FL_O_4,SRR1167532,SRS556069,Fe_FL_O_4,Fe_FL_O_4,adult,4,female,forelegs,PRJNA236278,PAIRED,SRP037535,Liverpool
SRX468746,Fe_FL_O_5,SRR1167533,SRS556070,Fe_FL_O_5,Fe_FL_O_5,adult,5,female,forelegs,PRJNA236279,PAIRED,SRP037535,Liverpool
SRX468747,Fe_At_O_1,SRR1167534,SRS556071,Fe_At_O_1,Fe_At_O_1,adult,1,female,abdominal tips,PRJNA236280,PAIRED,SRP037535,Liverpool
SRX468748,Fe_At_O_2,SRR1167535,SRS556072,Fe_At_O_2,Fe_At_O_2,adult,2,female,abdominal tips,PRJNA236281,PAIRED,SRP037535,Liverpool
SRX468749,Fe_At_O_3,SRR1167536,SRS556073,Fe_At_O_3,Fe_At_O_3,adult,3,female,abdominal tips,PRJNA236282,PAIRED,SRP037535,Liverpool
SRX468750,Fe_At_O_4,SRR1167537,SRS556074,Fe_At_O_4,Fe_At_O_4,adult,4,female,abdominal tips,PRJNA236283,PAIRED,SRP037535,Liverpool
SRX468751,Fe_Ov_O_1,SRR1167538,SRS556075,Fe_Ov_O_1,Fe_Ov_O_1,adult,1,female,ovaries,PRJNA236284,PAIRED,SRP037535,Liverpool
SRX468752,Fe_Ov_O_2,SRR1167539,SRS556076,Fe_Ov_O_2,Fe_Ov_O_2,adult,2,female,ovaries,PRJNA236285,PAIRED,SRP037535,Liverpool
SRX468753,Fe_Ov_O_3,SRR1167540,SRS556077,Fe_Ov_O_3,Fe_Ov_O_3,adult,3,female,ovaries,PRJNA236286,PAIRED,SRP037535,Liverpool
SRX468755,Ma_Br_1.2,SRR1167542,SRS556078,Ma_Br_1,Ma_Br_1.L2,adult,1,male,brains,PRJNA236287,PAIRED,SRP037535,Liverpool
SRX468756,Ma_Br_1.1,SRR1167543,SRS556078,Ma_Br_1,Ma_Br_1.L1,adult,1,male,brains,PRJNA236288,PAIRED,SRP037535,Liverpool
SRX468754,Fe_Ov_O_4,SRR1167541,SRS556079,Fe_Ov_O_4,Fe_Ov_O_4,adult,4,female,ovaries,PRJNA236289,PAIRED,SRP037535,Liverpool
SRX468757,Ma_Br_2.2,SRR1167544,SRS556080,Ma_Br_2,Ma_Br_2.L2,adult,2,male,brains,PRJNA236290,PAIRED,SRP037535,Liverpool
SRX468758,Ma_Br_2.1,SRR1167545,SRS556080,Ma_Br_2,Ma_Br_2.L1,adult,2,male,brains,PRJNA236291,PAIRED,SRP037535,Liverpool
SRX468759,Ma_Br_3.2,SRR1167546,SRS556081,Ma_Br_3,Ma_Br_3.L2,adult,3,male,brains,PRJNA236292,PAIRED,SRP037535,Liverpool
SRX468760,Ma_Br_3.1,SRR1167547,SRS556081,Ma_Br_3,Ma_Br_3.L1,adult,3,male,brains,PRJNA236293,PAIRED,SRP037535,Liverpool
SRX468761,Ma_An_1.2,SRR1167548,SRS556082,Ma_An_1,Ma_An_1.L2,adult,1,male,antennae,PRJNA236294,PAIRED,SRP037535,Liverpool
SRX468762,Ma_An_1.1,SRR1167549,SRS556082,Ma_An_1,Ma_An_1.L1,adult,1,male,antennae,PRJNA236295,PAIRED,SRP037535,Liverpool
SRX468763,Ma_An_2.2,SRR1167550,SRS556083,Ma_An_2,Ma_An_2.L2,adult,2,male,antennae,PRJNA236296,PAIRED,SRP037535,Liverpool
SRX468764,Ma_An_2.1,SRR1167551,SRS556083,Ma_An_2,Ma_An_2.L1,adult,2,male,antennae,PRJNA236297,PAIRED,SRP037535,Liverpool
SRX468765,Ma_An_3.2,SRR1167552,SRS556084,Ma_An_3,Ma_An_3.L2,adult,3,male,antennae,PRJNA236298,PAIRED,SRP037535,Liverpool
SRX468766,Ma_An_3.1,SRR1167553,SRS556084,Ma_An_3,Ma_An_3.L1,adult,3,male,antennae,PRJNA236299,PAIRED,SRP037535,Liverpool
SRX468767,Ma_FL_1,SRR1167554,SRS556085,Ma_FL_1,Ma_FL_1,adult,1,male,forelegs,PRJNA236300,PAIRED,SRP037535,Liverpool
SRX468768,Ma_FL_2,SRR1167555,SRS556086,Ma_FL_2,Ma_FL_2,adult,2,male,forelegs,PRJNA236301,PAIRED,SRP037535,Liverpool
SRX468769,Ma_FL_3,SRR1167556,SRS556087,Ma_FL_3,Ma_FL_3,adult,3,male,forelegs,PRJNA236302,PAIRED,SRP037535,Liverpool
SRX468770,Ma_HL_1,SRR1167557,SRS556088,Ma_HL_1,Ma_HL_1,adult,1,male,hindlegs,PRJNA236303,PAIRED,SRP037535,Liverpool
SRX468771,Ma_HL_2,SRR1167558,SRS556089,Ma_HL_2,Ma_HL_2,adult,2,male,hindlegs,PRJNA236304,PAIRED,SRP037535,Liverpool
SRX468772,Ma_HL_3,SRR1167559,SRS556090,Ma_HL_3,Ma_HL_3,adult,3,male,hindlegs,PRJNA236305,PAIRED,SRP037535,Liverpool
SRX468773,Ma_ML_1,SRR1167560,SRS556091,Ma_ML_1,Ma_ML_1,adult,1,male,midlegs,PRJNA236306,PAIRED,SRP037535,Liverpool
SRX468774,Ma_ML_2,SRR1167561,SRS556092,Ma_ML_2,Ma_ML_2,adult,2,male,midlegs,PRJNA236307,PAIRED,SRP037535,Liverpool
SRX468775,Ma_ML_3,SRR1167562,SRS556093,Ma_ML_3,Ma_ML_3,adult,3,male,midlegs,PRJNA236308,PAIRED,SRP037535,Liverpool
SRX468776,Ma_At_1.2,SRR1167563,SRS556094,Ma_At_1,Ma_At_1.L2,adult,1,male,abdominal tips,PRJNA236309,PAIRED,SRP037535,Liverpool
SRX468777,Ma_At_1.1,SRR1167564,SRS556094,Ma_At_1,Ma_At_1.L1,adult,1,male,abdominal tips,PRJNA236310,PAIRED,SRP037535,Liverpool
SRX468778,Ma_At_2.2,SRR1167565,SRS556095,Ma_At_2,Ma_At_2.L2,adult,2,male,abdominal tips,PRJNA236311,PAIRED,SRP037535,Liverpool
SRX468779,Ma_At_2.1,SRR1167566,SRS556095,Ma_At_2,Ma_At_2.L1,adult,2,male,abdominal tips,PRJNA236312,PAIRED,SRP037535,Liverpool
SRX468780,Ma_At_3.2,SRR1167567,SRS556096,Ma_At_3,Ma_At_3.L2,adult,3,male,abdominal tips,PRJNA236313,PAIRED,SRP037535,Liverpool
SRX468781,Ma_At_3.1,SRR1167568,SRS556096,Ma_At_3,Ma_At_3.L1,adult,3,male,abdominal tips,PRJNA236314,PAIRED,SRP037535,Liverpool
SRX468784,Fe_An_SF_5.2,SRR1166458,SRS556098,Fe_An_SF_5,Fe_An_SF_5.L2,adult,5,female,antennae,PRJNA236315,SINGLE,SRP037535,Liverpool
SRX468785,Fe_An_SF_5.1,SRR1166459,SRS556098,Fe_An_SF_5,Fe_An_SF_5.L1,adult,5,female,antennae,PRJNA236316,SINGLE,SRP037535,Liverpool
SRX468786,Fe_An_SF_6,SRR1166460,SRS556099,Fe_An_SF_6,Fe_An_SF_6,adult,6,female,antennae,PRJNA236317,SINGLE,SRP037535,Liverpool
SRX468787,Fe_An_SF_7,SRR1166461,SRS556100,Fe_An_SF_7,Fe_An_SF_7,adult,7,female,antennae,PRJNA236318,SINGLE,SRP037535,Liverpool
SRX468788,Fe_An_SF_8,SRR1166462,SRS556101,Fe_An_SF_8,Fe_An_SF_8,adult,8,female,antennae,PRJNA236319,SINGLE,SRP037535,Liverpool
SRX468789,Fe_Br_SF_5,SRR1166463,SRS556102,Fe_Br_SF_5,Fe_Br_SF_5,adult,5,female,brains,PRJNA236320,SINGLE,SRP037535,Liverpool
SRX468790,Fe_Br_SF_6,SRR1166464,SRS556103,Fe_Br_SF_6,Fe_Br_SF_6,adult,6,female,brains,PRJNA236321,SINGLE,SRP037535,Liverpool
SRX468791,Fe_Br_SF_7,SRR1166465,SRS556104,Fe_Br_SF_7,Fe_Br_SF_7,adult,7,female,brains,PRJNA236322,SINGLE,SRP037535,Liverpool
SRX468792,Fe_Br_SF_8,SRR1166466,SRS556105,Fe_Br_SF_8,Fe_Br_SF_8,adult,8,female,brains,PRJNA236323,SINGLE,SRP037535,Liverpool
SRX468793,Fe_Rs_SF_1,SRR1166467,SRS556106,Fe_Rs_SF_1,Fe_Rs_SF_1,adult,1,female,rostrums,PRJNA236324,SINGLE,SRP037535,Liverpool
SRX468794,Fe_Rs_SF_2,SRR1166468,SRS556107,Fe_Rs_SF_2,Fe_Rs_SF_2,adult,2,female,rostrums,PRJNA236325,SINGLE,SRP037535,Liverpool
SRX468795,Fe_Rs_SF_3,SRR1166469,SRS556108,Fe_Rs_SF_3,Fe_Rs_SF_3,adult,3,female,rostrums,PRJNA236326,SINGLE,SRP037535,Liverpool
SRX468796,Fe_At_SF_1,SRR1166470,SRS556109,Fe_At_SF_1,Fe_At_SF_1,adult,1,female,abdominal tips,PRJNA236327,SINGLE,SRP037535,Liverpool
SRX468797,Fe_At_SF_2,SRR1166471,SRS556110,Fe_At_SF_2,Fe_At_SF_2,adult,2,female,abdominal tips,PRJNA236328,SINGLE,SRP037535,Liverpool
SRX468798,Fe_At_SF_3,SRR1166472,SRS556111,Fe_At_SF_3,Fe_At_SF_3,adult,3,female,abdominal tips,PRJNA236329,SINGLE,SRP037535,Liverpool
SRX468799,Fe_HL_SF_1,SRR1166473,SRS556112,Fe_HL_SF_1,Fe_HL_SF_1,adult,1,female,hindlegs,PRJNA236330,SINGLE,SRP037535,Liverpool
SRX468800,Fe_HL_SF_2,SRR1166474,SRS556113,Fe_HL_SF_2,Fe_HL_SF_2,adult,2,female,hindlegs,PRJNA236331,SINGLE,SRP037535,Liverpool
SRX468801,Fe_HL_SF_3,SRR1166475,SRS556114,Fe_HL_SF_3,Fe_HL_SF_3,adult,3,female,hindlegs,PRJNA236332,SINGLE,SRP037535,Liverpool
SRX468802,Fe_HL_SF_4,SRR1166476,SRS556115,Fe_HL_SF_4,Fe_HL_SF_4,adult,4,female,hindlegs,PRJNA236333,SINGLE,SRP037535,Liverpool
SRX468803,Fe_HL_SF_5,SRR1166477,SRS556116,Fe_HL_SF_5,Fe_HL_SF_5,adult,5,female,hindlegs,PRJNA236334,SINGLE,SRP037535,Liverpool
SRX468804,Fe_HL_SF_6,SRR1166478,SRS556117,Fe_HL_SF_6,Fe_HL_SF_6,adult,6,female,hindlegs,PRJNA236335,SINGLE,SRP037535,Liverpool
SRX468805,Fe_ML_SF_1,SRR1166479,SRS556118,Fe_ML_SF_1,Fe_ML_SF_1,adult,1,female,midlegs,PRJNA236336,SINGLE,SRP037535,Liverpool
SRX468806,Fe_ML_SF_2,SRR1166480,SRS556119,Fe_ML_SF_2,Fe_ML_SF_2,adult,2,female,midlegs,PRJNA236337,SINGLE,SRP037535,Liverpool
SRX468807,Fe_ML_SF_3,SRR1166481,SRS556120,Fe_ML_SF_3,Fe_ML_SF_3,adult,3,female,midlegs,PRJNA236338,SINGLE,SRP037535,Liverpool
SRX468808,Fe_FL_SF_1,SRR1166482,SRS556121,Fe_FL_SF_1,Fe_FL_SF_1,adult,1,female,forelegs,PRJNA236339,SINGLE,SRP037535,Liverpool
SRX468809,Fe_FL_SF_2,SRR1166483,SRS556122,Fe_FL_SF_2,Fe_FL_SF_2,adult,2,female,forelegs,PRJNA236340,SINGLE,SRP037535,Liverpool
SRX468810,Fe_FL_SF_3,SRR1166484,SRS556123,Fe_FL_SF_3,Fe_FL_SF_3,adult,3,female,forelegs,PRJNA236341,SINGLE,SRP037535,Liverpool
SRX468811,Fe_HL_BF_1,SRR1166485,SRS556124,Fe_HL_BF_1,Fe_HL_BF_1,adult,1,female,hindlegs,PRJNA236342,SINGLE,SRP037535,Liverpool
SRX468812,Fe_HL_BF_2,SRR1166486,SRS556125,Fe_HL_BF_2,Fe_HL_BF_2,adult,2,female,hindlegs,PRJNA236343,SINGLE,SRP037535,Liverpool
SRX468813,Fe_HL_BF_3,SRR1166487,SRS556126,Fe_HL_BF_3,Fe_HL_BF_3,adult,3,female,hindlegs,PRJNA236344,SINGLE,SRP037535,Liverpool
SRX468814,Fe_HL_BF_4,SRR1166488,SRS556127,Fe_HL_BF_4,Fe_HL_BF_4,adult,4,female,hindlegs,PRJNA236345,SINGLE,SRP037535,Liverpool
SRX468815,Fe_An_BF_1.2,SRR1166489,SRS556128,Fe_An_BF_1,Fe_An_BF_1.L2,adult,1,female,antennae,PRJNA236346,SINGLE,SRP037535,Liverpool
SRX468816,Fe_An_BF_1.1,SRR1166490,SRS556128,Fe_An_BF_1,Fe_An_BF_1.L1,adult,1,female,antennae,PRJNA236347,SINGLE,SRP037535,Liverpool
SRX468817,Fe_An_BF_2,SRR1166491,SRS556129,Fe_An_BF_2,Fe_An_BF_2,adult,2,female,antennae,PRJNA236348,SINGLE,SRP037535,Liverpool
SRX468818,Fe_An_BF_3,SRR1166492,SRS556130,Fe_An_BF_3,Fe_An_BF_3,adult,3,female,antennae,PRJNA236349,SINGLE,SRP037535,Liverpool
SRX468819,Fe_An_BF_4,SRR1166493,SRS556131,Fe_An_BF_4,Fe_An_BF_4,adult,4,female,antennae,PRJNA236350,SINGLE,SRP037535,Liverpool
SRX468820,Fe_Rs_BF_1,SRR1166494,SRS556132,Fe_Rs_BF_1,Fe_Rs_BF_1,adult,1,female,rostrums,PRJNA236351,SINGLE,SRP037535,Liverpool
SRX468821,Fe_Rs_BF_2,SRR1166495,SRS556133,Fe_Rs_BF_2,Fe_Rs_BF_2,adult,2,female,rostrums,PRJNA236352,SINGLE,SRP037535,Liverpool
SRX468822,Fe_Rs_BF_3,SRR1166496,SRS556134,Fe_Rs_BF_3,Fe_Rs_BF_3,adult,3,female,rostrums,PRJNA236353,SINGLE,SRP037535,Liverpool
SRX468823,Fe_Br_BF_1,SRR1166497,SRS556135,Fe_Br_BF_1,Fe_Br_BF_1,adult,1,female,brains,PRJNA236354,SINGLE,SRP037535,Liverpool
SRX468824,Fe_Br_BF_2,SRR1166498,SRS556136,Fe_Br_BF_2,Fe_Br_BF_2,adult,2,female,brains,PRJNA236355,SINGLE,SRP037535,Liverpool
SRX468825,Fe_Br_BF_3,SRR1166499,SRS556137,Fe_Br_BF_3,Fe_Br_BF_3,adult,3,female,brains,PRJNA236356,SINGLE,SRP037535,Liverpool
SRX468826,Fe_Br_BF_4,SRR1166500,SRS556138,Fe_Br_BF_4,Fe_Br_BF_4,adult,4,female,brains,PRJNA236357,SINGLE,SRP037535,Liverpool
SRX468827,Fe_An_O_1,SRR1166501,SRS556139,Fe_An_O_1,Fe_An_O_1,adult,1,female,antennae,PRJNA236358,SINGLE,SRP037535,Liverpool
SRX468828,Fe_An_O_2,SRR1167466,SRS556140,Fe_An_O_2,Fe_An_O_2,adult,2,female,antennae,PRJNA236359,SINGLE,SRP037535,Liverpool
SRX468829,Fe_An_O_3,SRR1167467,SRS556141,Fe_An_O_3,Fe_An_O_3,adult,3,female,antennae,PRJNA236360,SINGLE,SRP037535,Liverpool
SRX468830,Fe_An_O_4,SRR1167468,SRS556142,Fe_An_O_4,Fe_An_O_4,adult,4,female,antennae,PRJNA236361,SINGLE,SRP037535,Liverpool
SRX468831,Fe_HL_O_6,SRR1167469,SRS556143,Fe_HL_O_6,Fe_HL_O_6,adult,6,female,hindlegs,PRJNA236362,SINGLE,SRP037535,Liverpool
SRX468832,Fe_HL_O_7,SRR1167470,SRS556144,Fe_HL_O_7,Fe_HL_O_7,adult,7,female,hindlegs,PRJNA236363,SINGLE,SRP037535,Liverpool
SRX468833,Fe_HL_O_8,SRR1167471,SRS556145,Fe_HL_O_8,Fe_HL_O_8,adult,8,female,hindlegs,PRJNA236364,SINGLE,SRP037535,Liverpool
SRX468834,Fe_ML_O_1,SRR1167472,SRS556146,Fe_ML_O_1,Fe_ML_O_1,adult,1,female,midlegs,PRJNA236365,SINGLE,SRP037535,Liverpool
SRX468835,Fe_ML_O_5,SRR1167473,SRS556147,Fe_ML_O_5,Fe_ML_O_5,adult,5,female,midlegs,PRJNA236366,SINGLE,SRP037535,Liverpool
SRX468836,Fe_ML_O_6,SRR1167474,SRS556148,Fe_ML_O_6,Fe_ML_O_6,adult,6,female,midlegs,PRJNA236367,SINGLE,SRP037535,Liverpool
SRX468837,Fe_FL_O_1,SRR1167475,SRS556149,Fe_FL_O_1,Fe_FL_O_1,adult,1,female,forelegs,PRJNA236368,SINGLE,SRP037535,Liverpool
SRX468838,Fe_FL_O_6,SRR1167476,SRS556150,Fe_FL_O_6,Fe_FL_O_6,adult,6,female,forelegs,PRJNA236369,SINGLE,SRP037535,Liverpool
SRX468839,Fe_FL_O_7,SRR1167477,SRS556151,Fe_FL_O_7,Fe_FL_O_7,adult,7,female,forelegs,PRJNA236370,SINGLE,SRP037535,Liverpool
SRX468840,Fe_At_O_5,SRR1167478,SRS556152,Fe_At_O_5,Fe_At_O_5,adult,5,female,abdominal tips,PRJNA236371,SINGLE,SRP037535,Liverpool
SRX468841,Fe_At_O_6,SRR1167479,SRS556153,Fe_At_O_6,Fe_At_O_6,adult,6,female,abdominal tips,PRJNA236372,SINGLE,SRP037535,Liverpool
SRX468842,Fe_At_O_7,SRR1167480,SRS556154,Fe_At_O_7,Fe_At_O_7,adult,7,female,abdominal tips,PRJNA236373,SINGLE,SRP037535,Liverpool
SRX468843,Fe_Br_O_1,SRR1167481,SRS556155,Fe_Br_O_1,Fe_Br_O_1,adult,1,female,brains,PRJNA236374,SINGLE,SRP037535,Liverpool
SRX468844,Fe_Br_O_2,SRR1167482,SRS556156,Fe_Br_O_2,Fe_Br_O_2,adult,2,female,brains,PRJNA236375,SINGLE,SRP037535,Liverpool
SRX468845,Fe_Br_O_3,SRR1167483,SRS556157,Fe_Br_O_3,Fe_Br_O_3,adult,3,female,brains,PRJNA236376,SINGLE,SRP037535,Liverpool
SRX468846,Fe_Br_O_4,SRR1167484,SRS556158,Fe_Br_O_4,Fe_Br_O_4,adult,4,female,brains,PRJNA236377,SINGLE,SRP037535,Liverpool
SRX468847,Ma_Rs_1.1,SRR1167485,SRS556159,Ma_Rs_1,Ma_Rs_1.L1,adult,1,male,rostrums,PRJNA236378,SINGLE,SRP037535,Liverpool
SRX468848,Ma_Rs_1.2,SRR1167486,SRS556159,Ma_Rs_1,Ma_Rs_1.L2,adult,1,male,rostrums,PRJNA236379,SINGLE,SRP037535,Liverpool
SRX468849,Ma_Rs_2.1,SRR1167487,SRS556160,Ma_Rs_2,Ma_Rs_2.L1,adult,2,male,rostrums,PRJNA236380,SINGLE,SRP037535,Liverpool
SRX468850,Ma_Rs_2.2,SRR1167488,SRS556160,Ma_Rs_2,Ma_Rs_2.L2,adult,2,male,rostrums,PRJNA236381,SINGLE,SRP037535,Liverpool
SRX468851,Ma_Rs_3.1,SRR1167489,SRS556161,Ma_Rs_3,Ma_Rs_3.L1,adult,3,male,rostrums,PRJNA236382,SINGLE,SRP037535,Liverpool
SRX468852,Ma_Rs_3.2,SRR1167490,SRS556161,Ma_Rs_3,Ma_Rs_3.L2,adult,3,male,rostrums,PRJNA236383,SINGLE,SRP037535,Liverpool
SRX468853,Ma_HL_4,SRR1167491,SRS556162,Ma_HL_4,Ma_HL_4,adult,4,male,hindlegs,PRJNA236384,SINGLE,SRP037535,Liverpool
SRX468854,Ma_HL_5,SRR1167492,SRS556163,Ma_HL_5,Ma_HL_5,adult,5,male,hindlegs,PRJNA236385,SINGLE,SRP037535,Liverpool
SRX316319,Male Testes,SRR923701,SRS452565,Male_Testes_1,Male_Testes_1,adult,1,Male,testes,PRJNA209388,SINGLE,SRP026319,Liverpool
SRX316320,Non-BF Female Carcass,SRR923856,SRS453617,Non-BF_Female_Carcass_1,Non-BF_Female_Carcass_1,adult,1,Female,carcass,PRJNA209388,SINGLE,SRP026320,Liverpool
SRX316321,Non-BF Female Ovary,SRR923857,SRS453618,Non-BF_Female_Ovary_1,Non-BF_Female_Ovary_1,adult,1,Female,ovaries,PRJNA209388,SINGLE,SRP026321,Liverpool
SRX316552,72hr BF female Carcass,SRR923736,SRS453621,72hr_BF_female_Carcass_1,72hr_BF_female_Carcass_1,adult,1,Female,carcass,PRJNA209388,SINGLE,SRP026322,Liverpool
SRX316555,36hr-BF Female Ovary,SRR923822,SRS453622,36hr-BF_Female_Ovary_1,36hr-BF_Female_Ovary_1,adult,1,Female,ovaries,PRJNA209388,SINGLE,SRP026323,Liverpool
SRX316565,20-24hr Embryo,SRR923827,SRS453624,20-24hr_Embryo_1,20-24hr_Embryo_1,20-24hr Embryo,1,not applicable,Whole embryos,PRJNA209388,SINGLE,SRP026324,Liverpool
SRX316569,36-40hr Embryo,SRR923834,SRS453625,36-40hr_Embryo_1,36-40hr_Embryo_1,36-40hr Embryo,1,not applicable,Whole embryos,PRJNA209388,SINGLE,SRP026325,Liverpool
SRX316580,2nd Instar Larvae,SRR923832,SRS453773,2nd_Instar_Larvae_1,2nd_Instar_Larvae_1,L2 larval,1,not applicable,whole larvae,PRJNA209388,SINGLE,SRP026326,Liverpool
SRX316574,56-60hr Embryo,SRR923845,SRS453774,56-60hr_Embryo_1,56-60hr_Embryo_1,56-60hr Embryo,1,not applicable,Whole embryos,PRJNA209388,SINGLE,SRP026327,Liverpool
SRX316573,52-56hr Embryo,SRR923844,SRS453775,52-56hr_Embryo_1,52-56hr_Embryo_1,52-56hr Embryo,1,not applicable,Whole embryos,PRJNA209388,SINGLE,SRP026328,Liverpool
SRX316577,68-72hr Embryos,SRR923850,SRS453776,68-72hr_Embryos_1,68-72hr_Embryos_1,68-72hr Embryos,1,not applicable,Whole embryos,PRJNA209388,SINGLE,SRP026329,Liverpool
SRX316546,Male Carcass,SRR923703,SRS453849,Male_Carcass_1,Male_Carcass_1,adult,1,Male,carcass,PRJNA209388,SINGLE,SRP026330,Liverpool
SRX316547,12hr-BF Female Carcass,SRR923823,SRS453850,12hr-BF_Female_Carcass_1,12hr-BF_Female_Carcass_1,adult,1,Female,carcass,PRJNA209388,SINGLE,SRP026331,Liverpool
SRX316548,24hr-BF Female Carcass,SRR923830,SRS453851,24hr-BF_Female_Carcass_1,24hr-BF_Female_Carcass_1,adult,1,Female,carcass,PRJNA209388,SINGLE,SRP026332,Liverpool
SRX316549,36hr-BF Female Carcass,SRR923835,SRS453852,36hr-BF_Female_Carcass_1,36hr-BF_Female_Carcass_1,adult,1,Female,carcass,PRJNA209388,SINGLE,SRP026333,Liverpool
SRX316550,48hr-BF Female Carcass,SRR923841,SRS453853,48hr-BF_Female_Carcass_1,48hr-BF_Female_Carcass_1,adult,1,Female,carcass,PRJNA209388,SINGLE,SRP026334,Liverpool
SRX316551,60hr BF-Female Carcass,SRR923847,SRS453854,60hr_BF-Female_Carcass_1,60hr_BF-Female_Carcass_1,adult,1,Female,carcass,PRJNA209388,SINGLE,SRP026335,Liverpool
SRX316553,12hr-BF Female Ovary,SRR923705,SRS453855,12hr-BF_Female_Ovary_1,12hr-BF_Female_Ovary_1,adult,1,Female,ovaries,PRJNA209388,SINGLE,SRP026336,Liverpool
SRX316554,24hr-BF Female Ovary,SRR923829,SRS453856,24hr-BF_Female_Ovary_1,24hr-BF_Female_Ovary_1,adult,1,Female,ovaries,PRJNA209388,SINGLE,SRP026337,Liverpool
SRX316556,48hr-BF Female Ovary,SRR923842,SRS453857,48hr-BF_Female_Ovary_1,48hr-BF_Female_Ovary_1,adult,1,Female,ovaries,PRJNA209388,SINGLE,SRP026338,Liverpool
SRX316557,60hr-BF Female Ovary,SRR923848,SRS453858,60hr-BF_Female_Ovary_1,60hr-BF_Female_Ovary_1,adult,1,Female,ovaries,PRJNA209388,SINGLE,SRP026339,Liverpool
SRX316558,72hr BF female Ovary,SRR923852,SRS453859,72hr_BF_female_Ovary_1,72hr_BF_female_Ovary_1,adult,1,Female,ovaries,PRJNA209388,SINGLE,SRP026340,Liverpool
SRX316559,0-2hr Embryo,SRR923702,SRS453860,0-2hr_Embryo_1,0-2hr_Embryo_1,0-2hr Embryo,1,not applicable,Whole embryos,PRJNA209388,SINGLE,SRP026341,Liverpool
SRX316560,2-4hr Embryo,SRR923826,SRS453861,2-4hr_Embryo_1,2-4hr_Embryo_1,2-4hr Embryo,1,not applicable,Whole embryos,PRJNA209388,SINGLE,SRP026342,Liverpool
SRX316561,4-8hr Embryo,SRR923837,SRS453862,4-8hr_Embryo_1,4-8hr_Embryo_1,4-8hr Embryo,1,not applicable,Whole embryos,PRJNA209388,SINGLE,SRP026343,Liverpool
SRX316562,8-12hr Embryo,SRR923853,SRS453863,8-12hr_Embryo_1,8-12hr_Embryo_1,8-12hr Embryo,1,not applicable,Whole embryos,PRJNA209388,SINGLE,SRP026344,Liverpool
SRX316563,12-16hr Embryos,SRR923704,SRS453864,12-16hr_Embryos_1,12-16hr_Embryos_1,12-16hr Embryos,1,not applicable,Whole embryos,PRJNA209388,SINGLE,SRP026345,Liverpool
SRX316564,16-20hr Embryo,SRR923824,SRS453865,16-20hr_Embryo_1,16-20hr_Embryo_1,16-20hr Embryo,1,not applicable,Whole embryos,PRJNA209388,SINGLE,SRP026346,Liverpool
SRX316566,24-28hr Embryo,SRR923828,SRS453866,24-28hr_Embryo_1,24-28hr_Embryo_1,24-28hr Embryo,1,not applicable,Whole embryos,PRJNA209388,SINGLE,SRP026347,Liverpool
SRX316567,28-32hr Embryo,SRR923831,SRS453867,28-32hr_Embryo_1,28-32hr_Embryo_1,28-32hr Embryo,1,not applicable,Whole embryos,PRJNA209388,SINGLE,SRP026348,Liverpool
SRX316568,32-36hr Embryo,SRR923833,SRS453868,32-36hr_Embryo_1,32-36hr_Embryo_1,32-36hr Embryo,1,not applicable,Whole embryos,PRJNA209388,SINGLE,SRP026349,Liverpool
SRX316570,40-44hr Embryo,SRR923838,SRS453869,40-44hr_Embryo_1,40-44hr_Embryo_1,40-44hr Embryo,1,not applicable,Whole embryos,PRJNA209388,SINGLE,SRP026350,Liverpool
SRX316571,44-48hr Embryo,SRR923839,SRS453870,44-48hr_Embryo_1,44-48hr_Embryo_1,44-48hr Embryo,1,not applicable,Whole embryos,PRJNA209388,SINGLE,SRP026351,Liverpool
SRX316572,48-52hr Embryo,SRR923840,SRS453871,48-52hr_Embryo_1,48-52hr_Embryo_1,48-52hr Embryo,1,not applicable,Whole embryos,PRJNA209388,SINGLE,SRP026352,Liverpool
SRX316575,60-64hr Embryos,SRR923846,SRS453872,60-64hr_Embryos_1,60-64hr_Embryos_1,60-64hr Embryos,1,not applicable,Whole embryos,PRJNA209388,SINGLE,SRP026353,Liverpool
SRX316576,64-68hr Embryos,SRR923849,SRS453873,64-68hr_Embryos_1,64-68hr_Embryos_1,64-68hr Embryos,1,not applicable,Whole embryos,PRJNA209388,SINGLE,SRP026354,Liverpool
SRX316578,72-76hr Embryos,SRR923851,SRS453874,72-76hr_Embryos_1,72-76hr_Embryos_1,72-76hr Embryos,1,not applicable,Whole embryos,PRJNA209388,SINGLE,SRP026355,Liverpool
SRX316579,1st Instar Larvae,SRR923825,SRS453875,1st_Instar_Larvae_1,1st_Instar_Larvae_1,L1 larval,1,not applicable,whole larvae,PRJNA209388,SINGLE,SRP026356,Liverpool
SRX316581,3rd Instar Larvae,SRR923836,SRS453876,3rd_Instar_Larvae_1,3rd_Instar_Larvae_1,L3 larval,1,not applicable,whole larvae,PRJNA209388,SINGLE,SRP026357,Liverpool
SRX316582,4th Instar Larvae,SRR923843,SRS453877,4th_Instar_Larvae_1,4th_Instar_Larvae_1,L4 larval,1,not applicable,whole larvae,PRJNA209388,SINGLE,SRP026358,Liverpool
SRX316583,Male Pupae,SRR923855,SRS453878,Male_Pupae_1,Male_Pupae_1,late pupal,1,Male,whole pupae,PRJNA209388,SINGLE,SRP026359,Liverpool
SRX316584,Female Pupae,SRR923854,SRS453879,Female_Pupae_1,Female_Pupae_1,late pupal,1,Female,whole pupae,PRJNA209388,SINGLE,SRP026360,Liverpool
SRX316667,Male Testes-Paired,SRR924021,SRS453976,Male_Testes_2,Male_Testes_2,adult,2,Male,testes,PRJNA209388,PAIRED,SRP026361,Liverpool
SRX316704,Male Carcass-Paired,SRR924022,SRS454012,Male_Carcass_2,Male_Carcass_2,adult,2,Male,carcass,PRJNA209388,PAIRED,SRP026362,Liverpool
SRX316705,72hr BF female Carcass-Paired,SRR924023,SRS454013,72hr_BF_female_carcass_2,72hr_BF_female_carcass_2,adult,2,Female,carcass,PRJNA209388,PAIRED,SRP026363,Liverpool
SRX316706,72hr BF female Ovary -Paired,SRR924024,SRS454014,72hr_BF_female_ovary_2,72hr_BF_female_ovary_2,adult,2,Female,carcass,PRJNA209388,PAIRED,SRP026364,Liverpool
